Model,Label
Acura_ILX_2013,0
Acura_ILX_2014,1
Acura_ILX_2015,2
Acura_ILX_2016,3
Acura_ILX_2017,4
Acura_ILX_2019,5
Acura_ILX_2020,6
Acura_MDX_2011,7
Acura_MDX_2012,8
Acura_MDX_2013,9
Acura_MDX_2014,10
Acura_MDX_2016,11
Acura_MDX_2017,12
Acura_MDX_2019,13
Acura_MDX_2020,14
Acura_NSX_2001,15
Acura_NSX_2002,16
Acura_NSX_2003,17
Acura_NSX_2004,18
Acura_NSX_2005,19
Acura_NSX_2016,20
Acura_NSX_2017,21
Acura_NSX_2019,22
Acura_NSX_2020,23
Acura_RDX_2011,24
Acura_RDX_2012,25
Acura_RDX_2013,26
Acura_RDX_2014,27
Acura_RDX_2015,28
Acura_RDX_2016,29
Acura_RDX_2017,30
Acura_RDX_2019,31
Acura_RDX_2020,32
Acura_RLX_2014,33
Acura_RLX_2015,34
Acura_RLX_2016,35
Acura_RLX_2017,36
Acura_RLX_2019,37
Acura_RLX_2020,38
Acura_TLX_2015,39
Acura_TLX_2016,40
Acura_TLX_2017,41
Acura_TLX_2019,42
Acura_TLX_2020,43
Audi_A3_2010,44
Audi_A3_2011,45
Audi_A3_2012,46
Audi_A3_2013,47
Audi_A3_2015,48
Audi_A3_2016,49
Audi_A3_2017,50
Audi_A3_2019,51
Audi_A3_2020,52
Audi_A4_2011,53
Audi_A4_2012,54
Audi_A4_2013,55
Audi_A4_2014,56
Audi_A4_2015,57
Audi_A4_2016,58
Audi_A4_2017,59
Audi_A4_2019,60
Audi_A5_2010,61
Audi_A5_2011,62
Audi_A5_2012,63
Audi_A5_2013,64
Audi_A5_2014,65
Audi_A5_2015,66
Audi_A5_2016,67
Audi_A5_2017,68
Audi_A5_2019,69
Audi_A6_2011,70
Audi_A6_2012,71
Audi_A6_2013,72
Audi_A6_2014,73
Audi_A6_2015,74
Audi_A6_2016,75
Audi_A6_2017,76
Audi_A6_2019,77
Audi_A6_2020,78
Audi_A7_2012,79
Audi_A7_2013,80
Audi_A7_2014,81
Audi_A7_2015,82
Audi_A7_2016,83
Audi_A7_2017,84
Audi_A7_2019,85
Audi_A7_2020,86
Audi_A8_2011,87
Audi_A8_2012,88
Audi_A8_2013,89
Audi_A8_2014,90
Audi_A8_2015,91
Audi_A8_2016,92
Audi_A8_2017,93
Audi_A8_2019,94
Audi_A8_2020,95
Audi_Q3_2015,96
Audi_Q3_2016,97
Audi_Q3_2017,98
Audi_Q3_2019,99
Audi_Q3_2020,100
Audi_Q5_2011,101
Audi_Q5_2012,102
Audi_Q5_2013,103
Audi_Q5_2014,104
Audi_Q5_2015,105
Audi_Q5_2016,106
Audi_Q5_2017,107
Audi_Q5_2019,108
Audi_Q5_2020,109
Audi_Q7_2010,110
Audi_Q7_2011,111
Audi_Q7_2012,112
Audi_Q7_2013,113
Audi_Q7_2014,114
Audi_Q7_2015,115
Audi_Q7_2017,116
Audi_Q7_2019,117
Audi_Q7_2020,118
Audi_Q8_2019,119
Audi_Q8_2020,120
Audi_R8_2010,121
Audi_R8_2011,122
Audi_R8_2012,123
Audi_R8_2014,124
Audi_R8_2015,125
Audi_R8_2017,126
Audi_R8_2020,127
Audi_TT_2011,128
Audi_TT_2012,129
Audi_TT_2013,130
Audi_TT_2014,131
Audi_TT_2015,132
Audi_TT_2016,133
Audi_TT_2017,134
Audi_TT_2019,135
Audi_TT_2020,136
Audi_e_tron_2019,137
BMW_2_Series_2014,138
BMW_2_Series_2015,139
BMW_2_Series_2016,140
BMW_2_Series_2017,141
BMW_2_Series_2019,142
BMW_2_Series_2020,143
BMW_3_Series_2011,144
BMW_3_Series_2012,145
BMW_3_Series_2013,146
BMW_3_Series_2014,147
BMW_3_Series_2015,148
BMW_3_Series_2016,149
BMW_3_Series_2017,150
BMW_3_Series_2019,151
BMW_3_Series_2020,152
BMW_4_Series_2014,153
BMW_4_Series_2015,154
BMW_4_Series_2016,155
BMW_4_Series_2017,156
BMW_4_Series_2019,157
BMW_4_Series_2020,158
BMW_5_Series_2011,159
BMW_5_Series_2012,160
BMW_5_Series_2013,161
BMW_5_Series_2014,162
BMW_5_Series_2015,163
BMW_5_Series_2016,164
BMW_5_Series_2017,165
BMW_5_Series_2019,166
BMW_5_Series_2020,167
BMW_6_Series_2010,168
BMW_6_Series_2011,169
BMW_6_Series_2012,170
BMW_6_Series_2013,171
BMW_6_Series_2014,172
BMW_6_Series_2015,173
BMW_6_Series_2016,174
BMW_6_Series_2017,175
BMW_6_Series_2019,176
BMW_7_Series_2011,177
BMW_7_Series_2012,178
BMW_7_Series_2013,179
BMW_7_Series_2014,180
BMW_7_Series_2015,181
BMW_7_Series_2016,182
BMW_7_Series_2017,183
BMW_7_Series_2019,184
BMW_7_Series_2020,185
BMW_8_Series_1996,186
BMW_8_Series_2019,187
BMW_8_Series_2020,188
BMW_X1_2013,189
BMW_X1_2014,190
BMW_X1_2015,191
BMW_X1_2016,192
BMW_X1_2017,193
BMW_X1_2019,194
BMW_X1_2020,195
BMW_X2_2020,196
BMW_X3_2011,197
BMW_X3_2012,198
BMW_X3_2013,199
BMW_X3_2014,200
BMW_X3_2015,201
BMW_X3_2016,202
BMW_X3_2017,203
BMW_X3_2019,204
BMW_X3_2020,205
BMW_X4_2015,206
BMW_X4_2016,207
BMW_X4_2017,208
BMW_X4_2019,209
BMW_X4_2020,210
BMW_X5_2011,211
BMW_X5_2012,212
BMW_X5_2013,213
BMW_X5_2014,214
BMW_X5_2015,215
BMW_X5_2016,216
BMW_X5_2017,217
BMW_X5_2019,218
BMW_X5_2020,219
BMW_X6_2011,220
BMW_X6_2012,221
BMW_X6_2013,222
BMW_X6_2014,223
BMW_X6_2015,224
BMW_X6_2016,225
BMW_X6_2017,226
BMW_X6_2019,227
BMW_X6_2020,228
BMW_X7_2019,229
BMW_X7_2020,230
BMW_Z4_2009,231
BMW_Z4_2010,232
BMW_Z4_2011,233
BMW_Z4_2012,234
BMW_Z4_2014,235
BMW_Z4_2015,236
BMW_Z4_2019,237
BMW_Z4_2020,238
BMW_i3_2014,239
BMW_i3_2015,240
BMW_i3_2016,241
BMW_i3_2017,242
BMW_i3_2019,243
BMW_i8_2014,244
BMW_i8_2015,245
BMW_i8_2016,246
BMW_i8_2020,247
Buick_Cascada_2016,248
Buick_Cascada_2017,249
Buick_Cascada_2019,250
Buick_Enclave_2011,251
Buick_Enclave_2012,252
Buick_Enclave_2013,253
Buick_Enclave_2014,254
Buick_Enclave_2015,255
Buick_Enclave_2016,256
Buick_Enclave_2017,257
Buick_Enclave_2019,258
Buick_Enclave_2020,259
Buick_Encore_2013,260
Buick_Encore_2014,261
Buick_Encore_2015,262
Buick_Encore_2016,263
Buick_Encore_2017,264
Buick_Encore_2019,265
Buick_Encore_2020,266
Buick_Envision_2016,267
Buick_Envision_2017,268
Buick_Envision_2019,269
Buick_Envision_2020,270
Buick_Lacrosse_2010,271
Buick_Lacrosse_2011,272
Buick_Lacrosse_2012,273
Buick_Lacrosse_2013,274
Buick_Lacrosse_2014,275
Buick_Lacrosse_2015,276
Buick_Lacrosse_2016,277
Buick_Lacrosse_2017,278
Buick_Lacrosse_2019,279
Buick_Regal_2011,280
Buick_Regal_2012,281
Buick_Regal_2013,282
Buick_Regal_2014,283
Buick_Regal_2015,284
Buick_Regal_2016,285
Buick_Regal_2017,286
Buick_Regal_2019,287
Buick_Regal_2020,288
Cadillac_ATS_2013,289
Cadillac_ATS_2014,290
Cadillac_ATS_2015,291
Cadillac_ATS_2016,292
Cadillac_ATS_2017,293
Cadillac_ATS_2019,294
Cadillac_CT4_2020,295
Cadillac_CT5_2020,296
Cadillac_CT6_2016,297
Cadillac_CT6_2017,298
Cadillac_CT6_2019,299
Cadillac_CT6_2020,300
Cadillac_CTS_2010,301
Cadillac_CTS_2011,302
Cadillac_CTS_2012,303
Cadillac_CTS_2013,304
Cadillac_CTS_2014,305
Cadillac_CTS_2015,306
Cadillac_CTS_2016,307
Cadillac_CTS_2017,308
Cadillac_CTS_2019,309
Cadillac_Escalade_2011,310
Cadillac_Escalade_2012,311
Cadillac_Escalade_2013,312
Cadillac_Escalade_2014,313
Cadillac_Escalade_2015,314
Cadillac_Escalade_2016,315
Cadillac_Escalade_2017,316
Cadillac_Escalade_2019,317
Cadillac_Escalade_2020,318
Cadillac_XT4_2019,319
Cadillac_XT4_2020,320
Cadillac_XT5_2017,321
Cadillac_XT5_2019,322
Cadillac_XT5_2020,323
Cadillac_XT6_2020,324
Cadillac_XTS_2012,325
Cadillac_XTS_2013,326
Cadillac_XTS_2014,327
Cadillac_XTS_2015,328
Cadillac_XTS_2016,329
Cadillac_XTS_2017,330
Cadillac_XTS_2019,331
Chevrolet_Blazer_1998,332
Chevrolet_Blazer_1999,333
Chevrolet_Blazer_2000,334
Chevrolet_Blazer_2001,335
Chevrolet_Blazer_2002,336
Chevrolet_Blazer_2003,337
Chevrolet_Blazer_2004,338
Chevrolet_Blazer_2019,339
Chevrolet_Blazer_2020,340
Chevrolet_Bolt_EV_2017,341
Chevrolet_Bolt_EV_2019,342
Chevrolet_Camaro_2011,343
Chevrolet_Camaro_2012,344
Chevrolet_Camaro_2013,345
Chevrolet_Camaro_2014,346
Chevrolet_Camaro_2015,347
Chevrolet_Camaro_2016,348
Chevrolet_Camaro_2017,349
Chevrolet_Camaro_2019,350
Chevrolet_Camaro_2020,351
Chevrolet_Colorado_2009,352
Chevrolet_Colorado_2010,353
Chevrolet_Colorado_2011,354
Chevrolet_Colorado_2012,355
Chevrolet_Colorado_2015,356
Chevrolet_Colorado_2016,357
Chevrolet_Colorado_2017,358
Chevrolet_Colorado_2019,359
Chevrolet_Colorado_2020,360
Chevrolet_Corvette_2011,361
Chevrolet_Corvette_2012,362
Chevrolet_Corvette_2013,363
Chevrolet_Corvette_2014,364
Chevrolet_Corvette_2015,365
Chevrolet_Corvette_2016,366
Chevrolet_Corvette_2017,367
Chevrolet_Corvette_2019,368
Chevrolet_Corvette_2020,369
Chevrolet_Cruze_2011,370
Chevrolet_Cruze_2012,371
Chevrolet_Cruze_2013,372
Chevrolet_Cruze_2014,373
Chevrolet_Cruze_2015,374
Chevrolet_Cruze_2016,375
Chevrolet_Cruze_2017,376
Chevrolet_Cruze_2019,377
Chevrolet_Equinox_2011,378
Chevrolet_Equinox_2012,379
Chevrolet_Equinox_2013,380
Chevrolet_Equinox_2014,381
Chevrolet_Equinox_2015,382
Chevrolet_Equinox_2016,383
Chevrolet_Equinox_2017,384
Chevrolet_Equinox_2019,385
Chevrolet_Equinox_2020,386
Chevrolet_Impala_2011,387
Chevrolet_Impala_2012,388
Chevrolet_Impala_2013,389
Chevrolet_Impala_2014,390
Chevrolet_Impala_2015,391
Chevrolet_Impala_2016,392
Chevrolet_Impala_2017,393
Chevrolet_Impala_2019,394
Chevrolet_Impala_2020,395
Chevrolet_Malibu_2011,396
Chevrolet_Malibu_2012,397
Chevrolet_Malibu_2013,398
Chevrolet_Malibu_2014,399
Chevrolet_Malibu_2015,400
Chevrolet_Malibu_2016,401
Chevrolet_Malibu_2017,402
Chevrolet_Malibu_2019,403
Chevrolet_Malibu_2020,404
Chevrolet_Silverado_1500,405
Chevrolet_Silverado_2500,406
Chevrolet_Sonic_2012,407
Chevrolet_Sonic_2013,408
Chevrolet_Sonic_2014,409
Chevrolet_Sonic_2015,410
Chevrolet_Sonic_2016,411
Chevrolet_Sonic_2017,412
Chevrolet_Sonic_2019,413
Chevrolet_Sonic_2020,414
Chevrolet_Spark_2013,415
Chevrolet_Spark_2014,416
Chevrolet_Spark_2015,417
Chevrolet_Spark_2016,418
Chevrolet_Spark_2017,419
Chevrolet_Spark_2019,420
Chevrolet_Spark_2020,421
Chevrolet_Suburban_2011,422
Chevrolet_Suburban_2012,423
Chevrolet_Suburban_2013,424
Chevrolet_Suburban_2014,425
Chevrolet_Suburban_2015,426
Chevrolet_Suburban_2016,427
Chevrolet_Suburban_2017,428
Chevrolet_Suburban_2019,429
Chevrolet_Tahoe_2011,430
Chevrolet_Tahoe_2012,431
Chevrolet_Tahoe_2013,432
Chevrolet_Tahoe_2014,433
Chevrolet_Tahoe_2015,434
Chevrolet_Tahoe_2016,435
Chevrolet_Tahoe_2017,436
Chevrolet_Tahoe_2019,437
Chevrolet_TrailBlazer_2002,438
Chevrolet_TrailBlazer_2003,439
Chevrolet_TrailBlazer_2004,440
Chevrolet_TrailBlazer_2005,441
Chevrolet_TrailBlazer_2006,442
Chevrolet_TrailBlazer_2007,443
Chevrolet_TrailBlazer_2008,444
Chevrolet_Traverse_2011,445
Chevrolet_Traverse_2012,446
Chevrolet_Traverse_2013,447
Chevrolet_Traverse_2014,448
Chevrolet_Traverse_2015,449
Chevrolet_Traverse_2016,450
Chevrolet_Traverse_2017,451
Chevrolet_Traverse_2019,452
Chevrolet_Traverse_2020,453
Chevrolet_Trax_2015,454
Chevrolet_Trax_2016,455
Chevrolet_Trax_2017,456
Chevrolet_Trax_2019,457
Chevrolet_Trax_2020,458
Chevrolet_Volt_2011,459
Chevrolet_Volt_2012,460
Chevrolet_Volt_2013,461
Chevrolet_Volt_2014,462
Chevrolet_Volt_2015,463
Chevrolet_Volt_2016,464
Chevrolet_Volt_2017,465
Chevrolet_Volt_2019,466
Chrysler_300_2011,467
Chrysler_300_2012,468
Chrysler_300_2013,469
Chrysler_300_2014,470
Chrysler_300_2015,471
Chrysler_300_2016,472
Chrysler_300_2017,473
Chrysler_300_2019,474
Chrysler_300_2020,475
Chrysler_Pacifica_2004,476
Chrysler_Pacifica_2005,477
Chrysler_Pacifica_2006,478
Chrysler_Pacifica_2007,479
Chrysler_Pacifica_2008,480
Chrysler_Pacifica_2017,481
Chrysler_Pacifica_2019,482
Chrysler_Pacifica_2020,483
Dodge_Challenger_2011,484
Dodge_Challenger_2012,485
Dodge_Challenger_2013,486
Dodge_Challenger_2014,487
Dodge_Challenger_2015,488
Dodge_Challenger_2016,489
Dodge_Challenger_2017,490
Dodge_Challenger_2019,491
Dodge_Challenger_2020,492
Dodge_Charger_2011,493
Dodge_Charger_2012,494
Dodge_Charger_2013,495
Dodge_Charger_2014,496
Dodge_Charger_2015,497
Dodge_Charger_2016,498
Dodge_Charger_2017,499
Dodge_Charger_2019,500
Dodge_Charger_2020,501
Dodge_Durango_2011,502
Dodge_Durango_2012,503
Dodge_Durango_2013,504
Dodge_Durango_2014,505
Dodge_Durango_2015,506
Dodge_Durango_2016,507
Dodge_Durango_2017,508
Dodge_Durango_2019,509
Dodge_Durango_2020,510
Dodge_Grand_Caravan_2011,511
Dodge_Grand_Caravan_2012,512
Dodge_Grand_Caravan_2013,513
Dodge_Grand_Caravan_2014,514
Dodge_Grand_Caravan_2015,515
Dodge_Grand_Caravan_2016,516
Dodge_Grand_Caravan_2017,517
Dodge_Grand_Caravan_2019,518
Dodge_Grand_Caravan_2020,519
Dodge_Journey_2011,520
Dodge_Journey_2012,521
Dodge_Journey_2013,522
Dodge_Journey_2014,523
Dodge_Journey_2015,524
Dodge_Journey_2016,525
Dodge_Journey_2017,526
Dodge_Journey_2019,527
Dodge_Journey_2020,528
Ford_Ecosport_2019,529
Ford_Ecosport_2020,530
Ford_Edge_2011,531
Ford_Edge_2012,532
Ford_Edge_2013,533
Ford_Edge_2014,534
Ford_Edge_2015,535
Ford_Edge_2016,536
Ford_Edge_2017,537
Ford_Edge_2019,538
Ford_Edge_2020,539
Ford_Escape_2011,540
Ford_Escape_2012,541
Ford_Escape_2013,542
Ford_Escape_2014,543
Ford_Escape_2015,544
Ford_Escape_2016,545
Ford_Escape_2017,546
Ford_Escape_2019,547
Ford_Escape_2020,548
Ford_Expedition_2011,549
Ford_Expedition_2012,550
Ford_Expedition_2013,551
Ford_Expedition_2014,552
Ford_Expedition_2015,553
Ford_Expedition_2016,554
Ford_Expedition_2017,555
Ford_Expedition_2019,556
Ford_Expedition_2020,557
Ford_Explorer_2011,558
Ford_Explorer_2012,559
Ford_Explorer_2013,560
Ford_Explorer_2014,561
Ford_Explorer_2015,562
Ford_Explorer_2016,563
Ford_Explorer_2017,564
Ford_Explorer_2019,565
Ford_Explorer_2020,566
Ford_F_150_2011,567
Ford_F_150_2012,568
Ford_F_150_2013,569
Ford_F_150_2014,570
Ford_F_150_2015,571
Ford_F_150_2016,572
Ford_F_150_2017,573
Ford_F_150_2019,574
Ford_Fiesta_2011,575
Ford_Fiesta_2012,576
Ford_Fiesta_2013,577
Ford_Fiesta_2014,578
Ford_Fiesta_2015,579
Ford_Fiesta_2016,580
Ford_Fiesta_2017,581
Ford_Fiesta_2019,582
Ford_Flex_2010,583
Ford_Flex_2011,584
Ford_Flex_2012,585
Ford_Flex_2013,586
Ford_Flex_2014,587
Ford_Flex_2015,588
Ford_Flex_2016,589
Ford_Flex_2017,590
Ford_Flex_2019,591
Ford_Fusion_2011,592
Ford_Fusion_2012,593
Ford_Fusion_2013,594
Ford_Fusion_2014,595
Ford_Fusion_2015,596
Ford_Fusion_2016,597
Ford_Fusion_2017,598
Ford_Fusion_2019,599
Ford_Fusion_2020,600
Ford_Mustang_2011,601
Ford_Mustang_2012,602
Ford_Mustang_2013,603
Ford_Mustang_2014,604
Ford_Mustang_2015,605
Ford_Mustang_2016,606
Ford_Mustang_2017,607
Ford_Mustang_2019,608
Ford_Mustang_2020,609
Ford_Ranger_2004,610
Ford_Ranger_2005,611
Ford_Ranger_2006,612
Ford_Ranger_2007,613
Ford_Ranger_2008,614
Ford_Ranger_2009,615
Ford_Ranger_2010,616
Ford_Ranger_2019,617
Ford_Super_Duty_F_250_2011,618
Ford_Super_Duty_F_250_2012,619
Ford_Super_Duty_F_250_2013,620
Ford_Super_Duty_F_250_2014,621
Ford_Super_Duty_F_250_2015,622
Ford_Super_Duty_F_250_2016,623
Ford_Super_Duty_F_250_2017,624
Ford_Super_Duty_F_250_2019,625
Ford_Super_Duty_F_250_2020,626
Ford_Taurus_2010,627
Ford_Taurus_2011,628
Ford_Taurus_2012,629
Ford_Taurus_2013,630
Ford_Taurus_2014,631
Ford_Taurus_2015,632
Ford_Taurus_2016,633
Ford_Taurus_2017,634
Ford_Taurus_2019,635
Ford_Transit_Connect_Wagon_2011,636
Ford_Transit_Connect_Wagon_2012,637
Ford_Transit_Connect_Wagon_2013,638
Ford_Transit_Connect_Wagon_2014,639
Ford_Transit_Connect_Wagon_2015,640
Ford_Transit_Connect_Wagon_2016,641
Ford_Transit_Connect_Wagon_2017,642
Ford_Transit_Connect_Wagon_2019,643
Ford_Transit_Connect_Wagon_2020,644
GMC_Acadia_2011,645
GMC_Acadia_2012,646
GMC_Acadia_2013,647
GMC_Acadia_2014,648
GMC_Acadia_2015,649
GMC_Acadia_2016,650
GMC_Acadia_2017,651
GMC_Acadia_2019,652
GMC_Acadia_2020,653
GMC_Canyon_2009,654
GMC_Canyon_2010,655
GMC_Canyon_2011,656
GMC_Canyon_2012,657
GMC_Canyon_2015,658
GMC_Canyon_2016,659
GMC_Canyon_2017,660
GMC_Canyon_2019,661
GMC_Canyon_2020,662
GMC_Sierra_1500,663
GMC_Sierra_2500,664
GMC_Terrain_2011,665
GMC_Terrain_2012,666
GMC_Terrain_2013,667
GMC_Terrain_2014,668
GMC_Terrain_2015,669
GMC_Terrain_2016,670
GMC_Terrain_2017,671
GMC_Terrain_2019,672
GMC_Terrain_2020,673
GMC_Yukon_2011,674
GMC_Yukon_2012,675
GMC_Yukon_2013,676
GMC_Yukon_2014,677
GMC_Yukon_2015,678
GMC_Yukon_2016,679
GMC_Yukon_2017,680
GMC_Yukon_2019,681
GMC_Yukon_2020,682
Genesis_G70_2020,683
Genesis_G80_2017,684
Genesis_G80_2020,685
Genesis_G90_2017,686
Genesis_G90_2019,687
Genesis_G90_2020,688
Honda_Accord_2011,689
Honda_Accord_2012,690
Honda_Accord_2013,691
Honda_Accord_2014,692
Honda_Accord_2015,693
Honda_Accord_2016,694
Honda_Accord_2017,695
Honda_Accord_2019,696
Honda_Accord_2020,697
Honda_CR_V_2011,698
Honda_CR_V_2012,699
Honda_CR_V_2013,700
Honda_CR_V_2014,701
Honda_CR_V_2015,702
Honda_CR_V_2016,703
Honda_CR_V_2017,704
Honda_CR_V_2019,705
Honda_CR_V_2020,706
Honda_Civic_2011,707
Honda_Civic_2012,708
Honda_Civic_2013,709
Honda_Civic_2014,710
Honda_Civic_2015,711
Honda_Civic_2016,712
Honda_Civic_2017,713
Honda_Civic_2019,714
Honda_Civic_2020,715
Honda_Clarity_2003,716
Honda_Clarity_2005,717
Honda_Clarity_2008,718
Honda_Clarity_2009,719
Honda_Clarity_2017,720
Honda_Clarity_2019,721
Honda_Fit_2011,722
Honda_Fit_2012,723
Honda_Fit_2013,724
Honda_Fit_2014,725
Honda_Fit_2015,726
Honda_Fit_2016,727
Honda_Fit_2017,728
Honda_Fit_2019,729
Honda_HR_V_2016,730
Honda_HR_V_2017,731
Honda_HR_V_2019,732
Honda_HR_V_2020,733
Honda_Insight_2005,734
Honda_Insight_2006,735
Honda_Insight_2009,736
Honda_Insight_2010,737
Honda_Insight_2011,738
Honda_Insight_2012,739
Honda_Insight_2013,740
Honda_Insight_2019,741
Honda_Insight_2020,742
Honda_Odyssey_2011,743
Honda_Odyssey_2012,744
Honda_Odyssey_2013,745
Honda_Odyssey_2014,746
Honda_Odyssey_2015,747
Honda_Odyssey_2016,748
Honda_Odyssey_2017,749
Honda_Odyssey_2019,750
Honda_Odyssey_2020,751
Honda_Passport_1995,752
Honda_Passport_1997,753
Honda_Passport_1998,754
Honda_Passport_1999,755
Honda_Passport_2000,756
Honda_Passport_2001,757
Honda_Passport_2019,758
Honda_Passport_2020,759
Honda_Pilot_2011,760
Honda_Pilot_2012,761
Honda_Pilot_2013,762
Honda_Pilot_2014,763
Honda_Pilot_2015,764
Honda_Pilot_2016,765
Honda_Pilot_2017,766
Honda_Pilot_2019,767
Honda_Pilot_2020,768
Honda_Ridgeline_2008,769
Honda_Ridgeline_2009,770
Honda_Ridgeline_2010,771
Honda_Ridgeline_2011,772
Honda_Ridgeline_2012,773
Honda_Ridgeline_2013,774
Honda_Ridgeline_2014,775
Honda_Ridgeline_2017,776
Honda_Ridgeline_2019,777
Hyundai_Accent_2011,778
Hyundai_Accent_2012,779
Hyundai_Accent_2013,780
Hyundai_Accent_2014,781
Hyundai_Accent_2015,782
Hyundai_Accent_2016,783
Hyundai_Accent_2017,784
Hyundai_Accent_2019,785
Hyundai_Accent_2020,786
Hyundai_Elantra_2011,787
Hyundai_Elantra_2012,788
Hyundai_Elantra_2013,789
Hyundai_Elantra_2014,790
Hyundai_Elantra_2015,791
Hyundai_Elantra_2016,792
Hyundai_Elantra_2017,793
Hyundai_Elantra_2019,794
Hyundai_Elantra_2020,795
Hyundai_Ioniq_2017,796
Hyundai_Ioniq_2019,797
Hyundai_Ioniq_2020,798
Hyundai_Kona_2019,799
Hyundai_Kona_2020,800
Hyundai_Kona_Electric_2019,801
Hyundai_Kona_Electric_2020,802
Hyundai_NEXO_2019,803
Hyundai_NEXO_2020,804
Hyundai_Palisade_2020,805
Hyundai_Santa_Fe_2011,806
Hyundai_Santa_Fe_2012,807
Hyundai_Santa_Fe_2013,808
Hyundai_Santa_Fe_2014,809
Hyundai_Santa_Fe_2015,810
Hyundai_Santa_Fe_2016,811
Hyundai_Santa_Fe_2017,812
Hyundai_Santa_Fe_2019,813
Hyundai_Santa_Fe_2020,814
Hyundai_Sonata_2011,815
Hyundai_Sonata_2012,816
Hyundai_Sonata_2013,817
Hyundai_Sonata_2014,818
Hyundai_Sonata_2015,819
Hyundai_Sonata_2016,820
Hyundai_Sonata_2017,821
Hyundai_Sonata_2019,822
Hyundai_Sonata_2020,823
Hyundai_Tucson_2011,824
Hyundai_Tucson_2012,825
Hyundai_Tucson_2013,826
Hyundai_Tucson_2014,827
Hyundai_Tucson_2015,828
Hyundai_Tucson_2016,829
Hyundai_Tucson_2017,830
Hyundai_Tucson_2019,831
Hyundai_Tucson_2020,832
Hyundai_Veloster_2012,833
Hyundai_Veloster_2013,834
Hyundai_Veloster_2014,835
Hyundai_Veloster_2015,836
Hyundai_Veloster_2016,837
Hyundai_Veloster_2019,838
Hyundai_Veloster_2020,839
Hyundai_Venue_2020,840
INFINITI_Q50_2014,841
INFINITI_Q50_2015,842
INFINITI_Q50_2016,843
INFINITI_Q50_2017,844
INFINITI_Q50_2019,845
INFINITI_Q50_2020,846
INFINITI_Q60_2014,847
INFINITI_Q60_2015,848
INFINITI_Q60_2016,849
INFINITI_Q60_2017,850
INFINITI_Q60_2019,851
INFINITI_Q60_2020,852
INFINITI_Q70_2014,853
INFINITI_Q70_2015,854
INFINITI_Q70_2016,855
INFINITI_Q70_2017,856
INFINITI_Q70_2019,857
INFINITI_QX30_2017,858
INFINITI_QX30_2019,859
INFINITI_QX50_2014,860
INFINITI_QX50_2015,861
INFINITI_QX50_2016,862
INFINITI_QX50_2019,863
INFINITI_QX50_2020,864
INFINITI_QX60_2014,865
INFINITI_QX60_2015,866
INFINITI_QX60_2016,867
INFINITI_QX60_2017,868
INFINITI_QX60_2019,869
INFINITI_QX60_2020,870
INFINITI_QX80_2014,871
INFINITI_QX80_2015,872
INFINITI_QX80_2016,873
INFINITI_QX80_2017,874
INFINITI_QX80_2020,875
Jeep_Cherokee_1999,876
Jeep_Cherokee_2000,877
Jeep_Cherokee_2001,878
Jeep_Cherokee_2014,879
Jeep_Cherokee_2015,880
Jeep_Cherokee_2016,881
Jeep_Cherokee_2017,882
Jeep_Cherokee_2019,883
Jeep_Compass_2011,884
Jeep_Compass_2012,885
Jeep_Compass_2013,886
Jeep_Compass_2014,887
Jeep_Compass_2015,888
Jeep_Compass_2017,889
Jeep_Compass_2019,890
Jeep_Compass_2020,891
Jeep_Gladiator_2020,892
Jeep_Grand_Cherokee_2011,893
Jeep_Grand_Cherokee_2012,894
Jeep_Grand_Cherokee_2013,895
Jeep_Grand_Cherokee_2014,896
Jeep_Grand_Cherokee_2015,897
Jeep_Grand_Cherokee_2016,898
Jeep_Grand_Cherokee_2017,899
Jeep_Grand_Cherokee_2019,900
Jeep_Grand_Cherokee_2020,901
Jeep_Renegade_2015,902
Jeep_Renegade_2016,903
Jeep_Renegade_2017,904
Jeep_Renegade_2019,905
Jeep_Renegade_2020,906
Jeep_Wrangler_2011,907
Jeep_Wrangler_2012,908
Jeep_Wrangler_2013,909
Jeep_Wrangler_2014,910
Jeep_Wrangler_2015,911
Jeep_Wrangler_2016,912
Jeep_Wrangler_2017,913
Jeep_Wrangler_2019,914
Jeep_Wrangler_2020,915
Kia_Cadenza_2014,916
Kia_Cadenza_2015,917
Kia_Cadenza_2016,918
Kia_Cadenza_2017,919
Kia_Cadenza_2019,920
Kia_Forte_2011,921
Kia_Forte_2012,922
Kia_Forte_2013,923
Kia_Forte_2014,924
Kia_Forte_2015,925
Kia_Forte_2016,926
Kia_Forte_2017,927
Kia_Forte_2019,928
Kia_Forte_2020,929
Kia_K900_2015,930
Kia_K900_2016,931
Kia_K900_2017,932
Kia_K900_2019,933
Kia_Niro_2017,934
Kia_Niro_2019,935
Kia_Niro_2020,936
Kia_Optima_2011,937
Kia_Optima_2012,938
Kia_Optima_2013,939
Kia_Optima_2014,940
Kia_Optima_2015,941
Kia_Optima_2016,942
Kia_Optima_2017,943
Kia_Optima_2019,944
Kia_Rio_2011,945
Kia_Rio_2012,946
Kia_Rio_2013,947
Kia_Rio_2014,948
Kia_Rio_2015,949
Kia_Rio_2016,950
Kia_Rio_2017,951
Kia_Rio_2019,952
Kia_Rio_2020,953
Kia_Sedona_2010,954
Kia_Sedona_2011,955
Kia_Sedona_2012,956
Kia_Sedona_2014,957
Kia_Sedona_2015,958
Kia_Sedona_2016,959
Kia_Sedona_2017,960
Kia_Sedona_2019,961
Kia_Sedona_2020,962
Kia_Sorento_2011,963
Kia_Sorento_2012,964
Kia_Sorento_2013,965
Kia_Sorento_2014,966
Kia_Sorento_2015,967
Kia_Sorento_2016,968
Kia_Sorento_2017,969
Kia_Sorento_2019,970
Kia_Sorento_2020,971
Kia_Soul_2011,972
Kia_Soul_2012,973
Kia_Soul_2013,974
Kia_Soul_2014,975
Kia_Soul_2015,976
Kia_Soul_2016,977
Kia_Soul_2017,978
Kia_Soul_2019,979
Kia_Soul_2020,980
Kia_Soul_EV_2015,981
Kia_Soul_EV_2016,982
Kia_Soul_EV_2017,983
Kia_Sportage_2011,984
Kia_Sportage_2012,985
Kia_Sportage_2013,986
Kia_Sportage_2014,987
Kia_Sportage_2015,988
Kia_Sportage_2016,989
Kia_Sportage_2017,990
Kia_Sportage_2019,991
Kia_Sportage_2020,992
Kia_Stinger_2019,993
Kia_Stinger_2020,994
Kia_Telluride_2020,995
Lexus_ES_2011,996
Lexus_ES_2012,997
Lexus_ES_2013,998
Lexus_ES_2014,999
Lexus_ES_2015,1000
Lexus_ES_2016,1001
Lexus_ES_2017,1002
Lexus_ES_2019,1003
Lexus_ES_2020,1004
Lexus_GS_2010,1005
Lexus_GS_2011,1006
Lexus_GS_2013,1007
Lexus_GS_2014,1008
Lexus_GS_2015,1009
Lexus_GS_2016,1010
Lexus_GS_2017,1011
Lexus_GS_2020,1012
Lexus_GX_2011,1013
Lexus_GX_2012,1014
Lexus_GX_2013,1015
Lexus_GX_2014,1016
Lexus_GX_2015,1017
Lexus_GX_2016,1018
Lexus_GX_2017,1019
Lexus_GX_2019,1020
Lexus_GX_2020,1021
Lexus_IS_2011,1022
Lexus_IS_2012,1023
Lexus_IS_2013,1024
Lexus_IS_2014,1025
Lexus_IS_2015,1026
Lexus_IS_2016,1027
Lexus_IS_2017,1028
Lexus_IS_2019,1029
Lexus_IS_2020,1030
Lexus_LC_2019,1031
Lexus_LS_2011,1032
Lexus_LS_2012,1033
Lexus_LS_2013,1034
Lexus_LS_2014,1035
Lexus_LS_2015,1036
Lexus_LS_2016,1037
Lexus_LS_2017,1038
Lexus_LS_2019,1039
Lexus_LS_2020,1040
Lexus_LX_2010,1041
Lexus_LX_2011,1042
Lexus_LX_2013,1043
Lexus_LX_2014,1044
Lexus_LX_2015,1045
Lexus_LX_2016,1046
Lexus_LX_2017,1047
Lexus_LX_2019,1048
Lexus_NX_2015,1049
Lexus_NX_2016,1050
Lexus_NX_2017,1051
Lexus_NX_2019,1052
Lexus_NX_2020,1053
Lexus_RC_2015,1054
Lexus_RC_2016,1055
Lexus_RC_2017,1056
Lexus_RC_2019,1057
Lexus_RC_2020,1058
Lexus_RX_2011,1059
Lexus_RX_2012,1060
Lexus_RX_2013,1061
Lexus_RX_2014,1062
Lexus_RX_2015,1063
Lexus_RX_2016,1064
Lexus_RX_2017,1065
Lexus_RX_2019,1066
Lexus_RX_2020,1067
Lexus_UX_2019,1068
Lexus_UX_2020,1069
Lincoln_Aviator_2003,1070
Lincoln_Aviator_2004,1071
Lincoln_Aviator_2005,1072
Lincoln_Aviator_2019,1073
Lincoln_Aviator_2020,1074
Lincoln_Continental_1997,1075
Lincoln_Continental_1998,1076
Lincoln_Continental_1999,1077
Lincoln_Continental_2000,1078
Lincoln_Continental_2001,1079
Lincoln_Continental_2002,1080
Lincoln_Continental_2017,1081
Lincoln_Continental_2019,1082
Lincoln_Continental_2020,1083
Lincoln_Corsair_2020,1084
Lincoln_MKC_2015,1085
Lincoln_MKC_2016,1086
Lincoln_MKC_2017,1087
Lincoln_MKC_2019,1088
Lincoln_MKT_2010,1089
Lincoln_MKT_2011,1090
Lincoln_MKT_2012,1091
Lincoln_MKT_2013,1092
Lincoln_MKT_2014,1093
Lincoln_MKT_2015,1094
Lincoln_MKT_2016,1095
Lincoln_MKT_2017,1096
Lincoln_MKT_2019,1097
Lincoln_MKZ_2011,1098
Lincoln_MKZ_2012,1099
Lincoln_MKZ_2013,1100
Lincoln_MKZ_2014,1101
Lincoln_MKZ_2015,1102
Lincoln_MKZ_2016,1103
Lincoln_MKZ_2017,1104
Lincoln_MKZ_2019,1105
Lincoln_MKZ_2020,1106
Lincoln_Nautilus_2019,1107
Lincoln_Nautilus_2020,1108
Lincoln_Navigator_2011,1109
Lincoln_Navigator_2012,1110
Lincoln_Navigator_2013,1111
Lincoln_Navigator_2014,1112
Lincoln_Navigator_2015,1113
Lincoln_Navigator_2016,1114
Lincoln_Navigator_2017,1115
Lincoln_Navigator_2019,1116
Lincoln_Navigator_2020,1117
MINI_Clubman_2010,1118
MINI_Clubman_2011,1119
MINI_Clubman_2012,1120
MINI_Clubman_2013,1121
MINI_Clubman_2014,1122
MINI_Clubman_2016,1123
MINI_Clubman_2017,1124
MINI_Clubman_2019,1125
MINI_Clubman_2020,1126
MINI_Cooper_2011,1127
MINI_Cooper_2012,1128
MINI_Cooper_2013,1129
MINI_Cooper_2014,1130
MINI_Cooper_2015,1131
MINI_Cooper_2016,1132
MINI_Cooper_2017,1133
MINI_Cooper_2019,1134
MINI_Cooper_2020,1135
MINI_Cooper_Countryman_2011,1136
MINI_Cooper_Countryman_2012,1137
MINI_Cooper_Countryman_2013,1138
MINI_Cooper_Countryman_2014,1139
MINI_Cooper_Countryman_2015,1140
MINI_Cooper_Countryman_2016,1141
MINI_Cooper_Countryman_2017,1142
MINI_Cooper_Countryman_2019,1143
MINI_Cooper_Countryman_2020,1144
Mazda_CX_30_2020,1145
Mazda_CX_3_2016,1146
Mazda_CX_3_2017,1147
Mazda_CX_3_2019,1148
Mazda_CX_3_2020,1149
Mazda_CX_5_2013,1150
Mazda_CX_5_2014,1151
Mazda_CX_5_2015,1152
Mazda_CX_5_2016,1153
Mazda_CX_5_2017,1154
Mazda_CX_5_2019,1155
Mazda_CX_9_2011,1156
Mazda_CX_9_2012,1157
Mazda_CX_9_2013,1158
Mazda_CX_9_2014,1159
Mazda_CX_9_2015,1160
Mazda_CX_9_2016,1161
Mazda_CX_9_2017,1162
Mazda_CX_9_2019,1163
Mazda_CX_9_2020,1164
Mazda_MAZDA3_2011,1165
Mazda_MAZDA3_2012,1166
Mazda_MAZDA3_2013,1167
Mazda_MAZDA3_2014,1168
Mazda_MAZDA3_2015,1169
Mazda_MAZDA3_2016,1170
Mazda_MAZDA3_2017,1171
Mazda_MAZDA3_2019,1172
Mazda_MAZDA3_2020,1173
Mazda_MAZDA6_2011,1174
Mazda_MAZDA6_2012,1175
Mazda_MAZDA6_2013,1176
Mazda_MAZDA6_2014,1177
Mazda_MAZDA6_2015,1178
Mazda_MAZDA6_2016,1179
Mazda_MAZDA6_2017,1180
Mazda_MAZDA6_2019,1181
Mazda_MX_5_Miata_2010,1182
Mazda_MX_5_Miata_2011,1183
Mazda_MX_5_Miata_2012,1184
Mazda_MX_5_Miata_2013,1185
Mazda_MX_5_Miata_2014,1186
Mazda_MX_5_Miata_2015,1187
Mazda_MX_5_Miata_2016,1188
Mazda_MX_5_Miata_2017,1189
Mazda_MX_5_Miata_2019,1190
Mazda_Mazda3_Hatchback_2020,1191
McLaren_570GT_2017,1192
McLaren_570S_2016,1193
McLaren_570S_2017,1194
McLaren_570S_2019,1195
McLaren_720S_2017,1196
McLaren_720S_2020,1197
Mercedes_Benz_AMG_GT_2016,1198
Mercedes_Benz_AMG_GT_2017,1199
Mercedes_Benz_AMG_GT_2019,1200
Mercedes_Benz_AMG_GT_2020,1201
Mercedes_Benz_A_Class_2019,1202
Mercedes_Benz_A_Class_2020,1203
Mercedes_Benz_CLA_Class_2014,1204
Mercedes_Benz_CLA_Class_2015,1205
Mercedes_Benz_CLA_Class_2016,1206
Mercedes_Benz_CLA_Class_2017,1207
Mercedes_Benz_CLA_Class_2019,1208
Mercedes_Benz_CLA_Class_2020,1209
Mercedes_Benz_CLS_Class_2011,1210
Mercedes_Benz_CLS_Class_2012,1211
Mercedes_Benz_CLS_Class_2013,1212
Mercedes_Benz_CLS_Class_2014,1213
Mercedes_Benz_CLS_Class_2015,1214
Mercedes_Benz_CLS_Class_2016,1215
Mercedes_Benz_CLS_Class_2017,1216
Mercedes_Benz_CLS_Class_2019,1217
Mercedes_Benz_CLS_Class_2020,1218
Mercedes_Benz_C_Class_2011,1219
Mercedes_Benz_C_Class_2012,1220
Mercedes_Benz_C_Class_2013,1221
Mercedes_Benz_C_Class_2014,1222
Mercedes_Benz_C_Class_2015,1223
Mercedes_Benz_C_Class_2016,1224
Mercedes_Benz_C_Class_2017,1225
Mercedes_Benz_C_Class_2019,1226
Mercedes_Benz_C_Class_2020,1227
Mercedes_Benz_EQC_2020,1228
Mercedes_Benz_E_Class_2011,1229
Mercedes_Benz_E_Class_2012,1230
Mercedes_Benz_E_Class_2013,1231
Mercedes_Benz_E_Class_2014,1232
Mercedes_Benz_E_Class_2015,1233
Mercedes_Benz_E_Class_2016,1234
Mercedes_Benz_E_Class_2017,1235
Mercedes_Benz_E_Class_2019,1236
Mercedes_Benz_E_Class_2020,1237
Mercedes_Benz_GLA_Class_2015,1238
Mercedes_Benz_GLA_Class_2016,1239
Mercedes_Benz_GLA_Class_2017,1240
Mercedes_Benz_GLA_Class_2019,1241
Mercedes_Benz_GLA_Class_2020,1242
Mercedes_Benz_GLB_Class_2020,1243
Mercedes_Benz_GLC_Class_2016,1244
Mercedes_Benz_GLC_Class_2017,1245
Mercedes_Benz_GLC_Class_2019,1246
Mercedes_Benz_GLC_Class_2020,1247
Mercedes_Benz_GLE_Class_2016,1248
Mercedes_Benz_GLE_Class_2017,1249
Mercedes_Benz_GLE_Class_2019,1250
Mercedes_Benz_GLE_Class_2020,1251
Mercedes_Benz_GLS_Class_2017,1252
Mercedes_Benz_GLS_Class_2019,1253
Mercedes_Benz_GLS_Class_2020,1254
Mercedes_Benz_G_Class_2011,1255
Mercedes_Benz_G_Class_2012,1256
Mercedes_Benz_G_Class_2013,1257
Mercedes_Benz_G_Class_2014,1258
Mercedes_Benz_G_Class_2015,1259
Mercedes_Benz_G_Class_2016,1260
Mercedes_Benz_G_Class_2017,1261
Mercedes_Benz_G_Class_2019,1262
Mercedes_Benz_G_Class_2020,1263
Mercedes_Benz_Metris_2016,1264
Mercedes_Benz_Metris_2017,1265
Mercedes_Benz_Metris_2019,1266
Mercedes_Benz_Metris_2020,1267
Mercedes_Benz_SLC_Class_2017,1268
Mercedes_Benz_SLC_Class_2019,1269
Mercedes_Benz_SLC_Class_2020,1270
Mercedes_Benz_SL_Class_2011,1271
Mercedes_Benz_SL_Class_2012,1272
Mercedes_Benz_SL_Class_2013,1273
Mercedes_Benz_SL_Class_2014,1274
Mercedes_Benz_SL_Class_2015,1275
Mercedes_Benz_SL_Class_2016,1276
Mercedes_Benz_SL_Class_2017,1277
Mercedes_Benz_SL_Class_2019,1278
Mercedes_Benz_SL_Class_2020,1279
Mercedes_Benz_S_Class_2011,1280
Mercedes_Benz_S_Class_2012,1281
Mercedes_Benz_S_Class_2013,1282
Mercedes_Benz_S_Class_2014,1283
Mercedes_Benz_S_Class_2015,1284
Mercedes_Benz_S_Class_2016,1285
Mercedes_Benz_S_Class_2017,1286
Mercedes_Benz_S_Class_2019,1287
Mercedes_Benz_S_Class_2020,1288
Mitsubishi_Eclipse_Cross_2019,1289
Mitsubishi_Eclipse_Cross_2020,1290
Mitsubishi_Mirage_1999,1291
Mitsubishi_Mirage_2000,1292
Mitsubishi_Mirage_2001,1293
Mitsubishi_Mirage_2002,1294
Mitsubishi_Mirage_2014,1295
Mitsubishi_Mirage_2015,1296
Mitsubishi_Mirage_2017,1297
Mitsubishi_Mirage_2019,1298
Mitsubishi_Outlander_2011,1299
Mitsubishi_Outlander_2012,1300
Mitsubishi_Outlander_2013,1301
Mitsubishi_Outlander_2014,1302
Mitsubishi_Outlander_2015,1303
Mitsubishi_Outlander_2016,1304
Mitsubishi_Outlander_2017,1305
Mitsubishi_Outlander_2019,1306
Mitsubishi_Outlander_2020,1307
Mitsubishi_Outlander_Sport_2011,1308
Mitsubishi_Outlander_Sport_2012,1309
Mitsubishi_Outlander_Sport_2013,1310
Mitsubishi_Outlander_Sport_2014,1311
Mitsubishi_Outlander_Sport_2015,1312
Mitsubishi_Outlander_Sport_2016,1313
Mitsubishi_Outlander_Sport_2017,1314
Mitsubishi_Outlander_Sport_2019,1315
Mitsubishi_Outlander_Sport_2020,1316
Nissan_370Z_2011,1317
Nissan_370Z_2012,1318
Nissan_370Z_2013,1319
Nissan_370Z_2014,1320
Nissan_370Z_2015,1321
Nissan_370Z_2016,1322
Nissan_370Z_2017,1323
Nissan_370Z_2019,1324
Nissan_370Z_2020,1325
Nissan_Altima_2011,1326
Nissan_Altima_2012,1327
Nissan_Altima_2013,1328
Nissan_Altima_2014,1329
Nissan_Altima_2015,1330
Nissan_Altima_2016,1331
Nissan_Altima_2017,1332
Nissan_Altima_2019,1333
Nissan_Altima_2020,1334
Nissan_Armada_2010,1335
Nissan_Armada_2011,1336
Nissan_Armada_2012,1337
Nissan_Armada_2013,1338
Nissan_Armada_2014,1339
Nissan_Armada_2015,1340
Nissan_Armada_2017,1341
Nissan_Armada_2019,1342
Nissan_Armada_2020,1343
Nissan_Frontier_2010,1344
Nissan_Frontier_2011,1345
Nissan_Frontier_2012,1346
Nissan_Frontier_2013,1347
Nissan_Frontier_2014,1348
Nissan_Frontier_2015,1349
Nissan_Frontier_2016,1350
Nissan_Frontier_2017,1351
Nissan_Frontier_2019,1352
Nissan_GT_R_2011,1353
Nissan_GT_R_2012,1354
Nissan_GT_R_2013,1355
Nissan_GT_R_2014,1356
Nissan_GT_R_2015,1357
Nissan_GT_R_2016,1358
Nissan_GT_R_2017,1359
Nissan_GT_R_2019,1360
Nissan_GT_R_2020,1361
Nissan_Kicks_2019,1362
Nissan_Kicks_2020,1363
Nissan_Leaf_2011,1364
Nissan_Leaf_2012,1365
Nissan_Leaf_2013,1366
Nissan_Leaf_2014,1367
Nissan_Leaf_2015,1368
Nissan_Leaf_2016,1369
Nissan_Leaf_2017,1370
Nissan_Leaf_2019,1371
Nissan_Maxima_2010,1372
Nissan_Maxima_2011,1373
Nissan_Maxima_2012,1374
Nissan_Maxima_2013,1375
Nissan_Maxima_2014,1376
Nissan_Maxima_2016,1377
Nissan_Maxima_2017,1378
Nissan_Maxima_2019,1379
Nissan_Murano_2011,1380
Nissan_Murano_2012,1381
Nissan_Murano_2013,1382
Nissan_Murano_2014,1383
Nissan_Murano_2015,1384
Nissan_Murano_2016,1385
Nissan_Murano_2017,1386
Nissan_Murano_2019,1387
Nissan_Murano_2020,1388
Nissan_NV200_2013,1389
Nissan_NV200_2014,1390
Nissan_NV200_2015,1391
Nissan_NV200_2016,1392
Nissan_NV200_2017,1393
Nissan_NV200_2019,1394
Nissan_NV200_2020,1395
Nissan_Pathfinder_2011,1396
Nissan_Pathfinder_2012,1397
Nissan_Pathfinder_2013,1398
Nissan_Pathfinder_2014,1399
Nissan_Pathfinder_2015,1400
Nissan_Pathfinder_2016,1401
Nissan_Pathfinder_2017,1402
Nissan_Pathfinder_2019,1403
Nissan_Pathfinder_2020,1404
Nissan_Rogue_2011,1405
Nissan_Rogue_2012,1406
Nissan_Rogue_2013,1407
Nissan_Rogue_2014,1408
Nissan_Rogue_2015,1409
Nissan_Rogue_2016,1410
Nissan_Rogue_2017,1411
Nissan_Rogue_2019,1412
Nissan_Rogue_2020,1413
Nissan_Rogue_Sport_2017,1414
Nissan_Rogue_Sport_2019,1415
Nissan_Rogue_Sport_2020,1416
Nissan_Sentra_2011,1417
Nissan_Sentra_2012,1418
Nissan_Sentra_2013,1419
Nissan_Sentra_2014,1420
Nissan_Sentra_2015,1421
Nissan_Sentra_2016,1422
Nissan_Sentra_2017,1423
Nissan_Sentra_2019,1424
Nissan_Sentra_2020,1425
Nissan_Titan_2011,1426
Nissan_Titan_2012,1427
Nissan_Titan_2013,1428
Nissan_Titan_2014,1429
Nissan_Titan_2015,1430
Nissan_Titan_2016,1431
Nissan_Titan_2017,1432
Nissan_Titan_2019,1433
Nissan_Titan_2020,1434
Nissan_Versa_2011,1435
Nissan_Versa_2012,1436
Nissan_Versa_2013,1437
Nissan_Versa_2014,1438
Nissan_Versa_2015,1439
Nissan_Versa_2016,1440
Nissan_Versa_2017,1441
Nissan_Versa_2019,1442
Nissan_Versa_2020,1443
Ram_1500_2011,1444
Ram_1500_2012,1445
Ram_1500_2013,1446
Ram_1500_2014,1447
Ram_1500_2015,1448
Ram_1500_2016,1449
Ram_1500_2017,1450
Ram_1500_2019,1451
Ram_1500_2020,1452
Ram_2500_2011,1453
Ram_2500_2012,1454
Ram_2500_2013,1455
Ram_2500_2014,1456
Ram_2500_2015,1457
Ram_2500_2016,1458
Ram_2500_2017,1459
Ram_2500_2019,1460
Ram_2500_2020,1461
Subaru_Ascent_2019,1462
Subaru_Ascent_2020,1463
Subaru_BRZ_2013,1464
Subaru_BRZ_2014,1465
Subaru_BRZ_2015,1466
Subaru_BRZ_2016,1467
Subaru_BRZ_2017,1468
Subaru_BRZ_2019,1469
Subaru_BRZ_2020,1470
Subaru_Crosstrek_2013,1471
Subaru_Crosstrek_2014,1472
Subaru_Crosstrek_2015,1473
Subaru_Crosstrek_2016,1474
Subaru_Crosstrek_2017,1475
Subaru_Crosstrek_2019,1476
Subaru_Crosstrek_2020,1477
Subaru_Forester_2011,1478
Subaru_Forester_2013,1479
Subaru_Forester_2014,1480
Subaru_Forester_2015,1481
Subaru_Forester_2016,1482
Subaru_Forester_2017,1483
Subaru_Forester_2019,1484
Subaru_Forester_2020,1485
Subaru_Impreza_2011,1486
Subaru_Impreza_2012,1487
Subaru_Impreza_2013,1488
Subaru_Impreza_2014,1489
Subaru_Impreza_2015,1490
Subaru_Impreza_2016,1491
Subaru_Impreza_2017,1492
Subaru_Impreza_2019,1493
Subaru_Impreza_2020,1494
Subaru_Legacy_2011,1495
Subaru_Legacy_2012,1496
Subaru_Legacy_2013,1497
Subaru_Legacy_2014,1498
Subaru_Legacy_2015,1499
Subaru_Legacy_2016,1500
Subaru_Legacy_2017,1501
Subaru_Legacy_2019,1502
Subaru_Legacy_2020,1503
Subaru_Outback_2011,1504
Subaru_Outback_2012,1505
Subaru_Outback_2013,1506
Subaru_Outback_2014,1507
Subaru_Outback_2015,1508
Subaru_Outback_2016,1509
Subaru_Outback_2017,1510
Subaru_Outback_2019,1511
Subaru_Outback_2020,1512
Subaru_STI_S209_2019,1513
Subaru_WRX_2011,1514
Subaru_WRX_2012,1515
Subaru_WRX_2013,1516
Subaru_WRX_2014,1517
Subaru_WRX_2015,1518
Subaru_WRX_2016,1519
Subaru_WRX_2017,1520
Subaru_WRX_2019,1521
Subaru_WRX_2020,1522
Tesla_Model_3_2017,1523
Tesla_Model_3_2019,1524
Tesla_Model_S_2012,1525
Tesla_Model_S_2013,1526
Tesla_Model_S_2014,1527
Tesla_Model_S_2015,1528
Tesla_Model_S_2016,1529
Tesla_Model_S_2017,1530
Tesla_Model_S_2019,1531
Tesla_Model_X_2016,1532
Tesla_Model_X_2017,1533
Tesla_Model_X_2019,1534
Tesla_Model_Y_2020,1535
Toyota_4Runner_2011,1536
Toyota_4Runner_2012,1537
Toyota_4Runner_2013,1538
Toyota_4Runner_2014,1539
Toyota_4Runner_2015,1540
Toyota_4Runner_2016,1541
Toyota_4Runner_2017,1542
Toyota_4Runner_2019,1543
Toyota_4Runner_2020,1544
Toyota_86_2017,1545
Toyota_86_2019,1546
Toyota_Avalon_2011,1547
Toyota_Avalon_2012,1548
Toyota_Avalon_2013,1549
Toyota_Avalon_2014,1550
Toyota_Avalon_2015,1551
Toyota_Avalon_2016,1552
Toyota_Avalon_2017,1553
Toyota_Avalon_2019,1554
Toyota_C_HR_2019,1555
Toyota_C_HR_2020,1556
Toyota_Camry_2011,1557
Toyota_Camry_2012,1558
Toyota_Camry_2013,1559
Toyota_Camry_2014,1560
Toyota_Camry_2015,1561
Toyota_Camry_2016,1562
Toyota_Camry_2017,1563
Toyota_Camry_2019,1564
Toyota_Camry_2020,1565
Toyota_Corolla_2011,1566
Toyota_Corolla_2012,1567
Toyota_Corolla_2013,1568
Toyota_Corolla_2014,1569
Toyota_Corolla_2015,1570
Toyota_Corolla_2016,1571
Toyota_Corolla_2017,1572
Toyota_Corolla_2019,1573
Toyota_Corolla_2020,1574
Toyota_Highlander_2011,1575
Toyota_Highlander_2012,1576
Toyota_Highlander_2013,1577
Toyota_Highlander_2014,1578
Toyota_Highlander_2015,1579
Toyota_Highlander_2016,1580
Toyota_Highlander_2017,1581
Toyota_Highlander_2019,1582
Toyota_Highlander_2020,1583
Toyota_Land_Cruiser_2010,1584
Toyota_Land_Cruiser_2011,1585
Toyota_Land_Cruiser_2013,1586
Toyota_Land_Cruiser_2014,1587
Toyota_Land_Cruiser_2015,1588
Toyota_Land_Cruiser_2016,1589
Toyota_Land_Cruiser_2017,1590
Toyota_Land_Cruiser_2019,1591
Toyota_Land_Cruiser_2020,1592
Toyota_Mirai_2016,1593
Toyota_Mirai_2017,1594
Toyota_Mirai_2019,1595
Toyota_Prius_2011,1596
Toyota_Prius_2012,1597
Toyota_Prius_2013,1598
Toyota_Prius_2014,1599
Toyota_Prius_2015,1600
Toyota_Prius_2016,1601
Toyota_Prius_2017,1602
Toyota_Prius_2019,1603
Toyota_Prius_2020,1604
Toyota_Prius_C_2012,1605
Toyota_Prius_C_2013,1606
Toyota_Prius_C_2014,1607
Toyota_Prius_C_2015,1608
Toyota_Prius_C_2016,1609
Toyota_Prius_C_2017,1610
Toyota_Prius_C_2019,1611
Toyota_RAV4_2011,1612
Toyota_RAV4_2012,1613
Toyota_RAV4_2013,1614
Toyota_RAV4_2014,1615
Toyota_RAV4_2015,1616
Toyota_RAV4_2016,1617
Toyota_RAV4_2017,1618
Toyota_RAV4_2019,1619
Toyota_RAV4_2020,1620
Toyota_Sequoia_2011,1621
Toyota_Sequoia_2012,1622
Toyota_Sequoia_2013,1623
Toyota_Sequoia_2014,1624
Toyota_Sequoia_2015,1625
Toyota_Sequoia_2016,1626
Toyota_Sequoia_2017,1627
Toyota_Sequoia_2019,1628
Toyota_Sequoia_2020,1629
Toyota_Sienna_2011,1630
Toyota_Sienna_2012,1631
Toyota_Sienna_2013,1632
Toyota_Sienna_2014,1633
Toyota_Sienna_2015,1634
Toyota_Sienna_2016,1635
Toyota_Sienna_2017,1636
Toyota_Sienna_2019,1637
Toyota_Sienna_2020,1638
Toyota_Supra_1990,1639
Toyota_Supra_1994,1640
Toyota_Supra_1997,1641
Toyota_Supra_2020,1642
Toyota_Tacoma_2011,1643
Toyota_Tacoma_2012,1644
Toyota_Tacoma_2013,1645
Toyota_Tacoma_2014,1646
Toyota_Tacoma_2015,1647
Toyota_Tacoma_2016,1648
Toyota_Tacoma_2017,1649
Toyota_Tacoma_2019,1650
Toyota_Tacoma_2020,1651
Toyota_Tundra_2011,1652
Toyota_Tundra_2012,1653
Toyota_Tundra_2013,1654
Toyota_Tundra_2014,1655
Toyota_Tundra_2015,1656
Toyota_Tundra_2016,1657
Toyota_Tundra_2017,1658
Toyota_Tundra_2019,1659
Toyota_Yaris_2011,1660
Toyota_Yaris_2012,1661
Toyota_Yaris_2013,1662
Toyota_Yaris_2014,1663
Toyota_Yaris_2015,1664
Toyota_Yaris_2016,1665
Toyota_Yaris_2017,1666
Toyota_Yaris_2019,1667
Toyota_Yaris_2020,1668
Toyota_Yaris_Hatchback_2020,1669
Volkswagen_Arteon_2019,1670
Volkswagen_Arteon_2020,1671
Volkswagen_Atlas_2019,1672
Volkswagen_Atlas_2020,1673
Volkswagen_Beetle_2010,1674
Volkswagen_Beetle_2011,1675
Volkswagen_Beetle_2012,1676
Volkswagen_Beetle_2013,1677
Volkswagen_Beetle_2014,1678
Volkswagen_Beetle_2015,1679
Volkswagen_Beetle_2016,1680
Volkswagen_Beetle_2017,1681
Volkswagen_Beetle_2019,1682
Volkswagen_Golf_2011,1683
Volkswagen_Golf_2012,1684
Volkswagen_Golf_2013,1685
Volkswagen_Golf_2014,1686
Volkswagen_Golf_2015,1687
Volkswagen_Golf_2016,1688
Volkswagen_Golf_2017,1689
Volkswagen_Golf_2019,1690
Volkswagen_Golf_2020,1691
Volkswagen_Jetta_2011,1692
Volkswagen_Jetta_2012,1693
Volkswagen_Jetta_2013,1694
Volkswagen_Jetta_2014,1695
Volkswagen_Jetta_2015,1696
Volkswagen_Jetta_2016,1697
Volkswagen_Jetta_2017,1698
Volkswagen_Jetta_2019,1699
Volkswagen_Jetta_2020,1700
Volkswagen_Passat_2010,1701
Volkswagen_Passat_2012,1702
Volkswagen_Passat_2013,1703
Volkswagen_Passat_2014,1704
Volkswagen_Passat_2015,1705
Volkswagen_Passat_2016,1706
Volkswagen_Passat_2017,1707
Volkswagen_Passat_2019,1708
Volkswagen_Passat_2020,1709
Volkswagen_Tiguan_2011,1710
Volkswagen_Tiguan_2012,1711
Volkswagen_Tiguan_2013,1712
Volkswagen_Tiguan_2014,1713
Volkswagen_Tiguan_2015,1714
Volkswagen_Tiguan_2016,1715
Volkswagen_Tiguan_2017,1716
Volkswagen_Tiguan_2019,1717
Volkswagen_Tiguan_2020,1718
Volkswagen_e_Golf_2015,1719
Volkswagen_e_Golf_2016,1720
Volkswagen_e_Golf_2017,1721
Volkswagen_e_Golf_2019,1722
Volvo_S60_2011,1723
Volvo_S60_2012,1724
Volvo_S60_2013,1725
Volvo_S60_2014,1726
Volvo_S60_2015,1727
Volvo_S60_2016,1728
Volvo_S60_2017,1729
Volvo_S60_2019,1730
Volvo_S60_2020,1731
Volvo_S90_1998,1732
Volvo_S90_2017,1733
Volvo_S90_2019,1734
Volvo_S90_2020,1735
Volvo_V60_2015,1736
Volvo_V60_2016,1737
Volvo_V60_2017,1738
Volvo_V60_2019,1739
Volvo_V60_2020,1740
Volvo_V90_1998,1741
Volvo_V90_2017,1742
Volvo_V90_2019,1743
Volvo_V90_2020,1744
Volvo_XC40_2019,1745
Volvo_XC40_2020,1746
Volvo_XC60_2011,1747
Volvo_XC60_2012,1748
Volvo_XC60_2013,1749
Volvo_XC60_2014,1750
Volvo_XC60_2015,1751
Volvo_XC60_2016,1752
Volvo_XC60_2017,1753
Volvo_XC60_2019,1754
Volvo_XC60_2020,1755
Volvo_XC90_2010,1756
Volvo_XC90_2011,1757
Volvo_XC90_2012,1758
Volvo_XC90_2013,1759
Volvo_XC90_2014,1760
Volvo_XC90_2016,1761
Volvo_XC90_2017,1762
Volvo_XC90_2019,1763
Volvo_XC90_2020,1764
